Store,Date,Actual,Prophet_Forecast,Prophet_Lower,Prophet_Upper,SARIMA_Forecast,Prophet_MAPE,Prophet_RMSE,SARIMA_MAPE,SARIMA_RMSE,Best_Model
All Stores,2012-08-10,47403451.04,46514553.25,42151146.23,51278248.65,47372941.44,2.05,1218588.95,1.65,890763.33,SARIMA
All Stores,2012-08-17,47354452.05,46913421.34,42246730.88,51311668.62,48067468.51,2.05,1218588.95,1.65,890763.33,SARIMA
All Stores,2012-08-24,47447323.6,47737893.21,43143364.13,52478504.62,48549043.01,2.05,1218588.95,1.65,890763.33,SARIMA
All Stores,2012-08-31,47159639.43,48346470.77,43956815.88,53088058.41,46545881.89,2.05,1218588.95,1.65,890763.33,SARIMA
All Stores,2012-09-07,48330059.31,47685193.18,43227568.29,52434195.41,47899529.26,2.05,1218588.95,1.65,890763.33,SARIMA
All Stores,2012-09-14,44226038.65,45629681.99,40901060.9,50232395.92,44934718.83,2.05,1218588.95,1.65,890763.33,SARIMA
All Stores,2012-09-21,44354547.11,43555585.62,39271312.93,48274473.67,43851530.59,2.05,1218588.95,1.65,890763.33,SARIMA
All Stores,2012-09-28,43734899.4,43089159.03,38494945.83,47944727.56,43344974.19,2.05,1218588.95,1.65,890763.33,SARIMA
All Stores,2012-10-05,47566639.31,44299792.21,40123331.48,48970773.32,48337028.93,2.05,1218588.95,1.65,890763.33,SARIMA
All Stores,2012-10-12,46128514.25,45572364.52,41155088.05,50179389.5,45509874.39,2.05,1218588.95,1.65,890763.33,SARIMA
All Stores,2012-10-19,45122410.57,45513484.54,40848382.19,50167319.99,46936978.42,2.05,1218588.95,1.65,890763.33,SARIMA
All Stores,2012-10-26,45544116.29,44668934.49,40188692.73,49679530.13,46979449.54,2.05,1218588.95,1.65,890763.33,SARIMA
Store 01,2012-08-10,1592409.97,1567903.79,1417676.39,1697806.8,1608999.17,3.37,64767.92,2.7,46881.19,SARIMA
Store 01,2012-08-17,1597868.05,1597002.85,1454125.51,1743531.68,1614057.22,3.37,64767.92,2.7,46881.19,SARIMA
Store 01,2012-08-24,1494122.38,1625797.89,1491560.3,1760307.08,1548006.3,3.37,64767.92,2.7,46881.19,SARIMA
Store 01,2012-08-31,1582083.4,1636169.28,1490685.04,1774470.64,1633583.81,3.37,64767.92,2.7,46881.19,SARIMA
Store 01,2012-09-07,1661767.33,1611070.22,1461934.9,1763287.97,1623662.02,3.37,64767.92,2.7,46881.19,SARIMA
Store 01,2012-09-14,1517428.87,1559911.4,1420687.01,1699654.23,1597087.22,3.37,64767.92,2.7,46881.19,SARIMA
Store 01,2012-09-21,1506126.06,1520527.11,1376809.66,1663951.37,1463240.09,3.37,64767.92,2.7,46881.19,SARIMA
Store 01,2012-09-28,1437059.26,1524262.53,1380239.55,1662447.59,1478402.08,3.37,64767.92,2.7,46881.19,SARIMA
Store 01,2012-10-05,1670785.97,1559707.0,1424394.21,1692143.27,1713544.07,3.37,64767.92,2.7,46881.19,SARIMA
Store 01,2012-10-12,1573072.81,1582026.18,1441552.54,1723203.05,1576707.37,3.37,64767.92,2.7,46881.19,SARIMA
Store 01,2012-10-19,1508068.77,1564626.66,1441189.94,1700115.35,1584868.03,3.37,64767.92,2.7,46881.19,SARIMA
Store 01,2012-10-26,1493659.74,1534517.07,1387947.08,1679704.61,1528237.16,3.37,64767.92,2.7,46881.19,SARIMA
Store 02,2012-08-10,1866719.96,1856808.16,1659649.4,2041072.77,1889141.88,2.77,72999.02,2.44,55528.27,SARIMA
Store 02,2012-08-17,1928016.01,1878954.38,1700494.73,2070827.51,1922832.52,2.77,72999.02,2.44,55528.27,SARIMA
Store 02,2012-08-24,1876788.15,1906926.2,1722825.1,2104405.65,1894461.9,2.77,72999.02,2.44,55528.27,SARIMA
Store 02,2012-08-31,1947083.3,1916213.12,1724781.51,2125902.38,1886204.56,2.77,72999.02,2.44,55528.27,SARIMA
Store 02,2012-09-07,1898777.07,1873397.87,1680519.72,2080742.63,1824941.87,2.77,72999.02,2.44,55528.27,SARIMA
Store 02,2012-09-14,1814806.63,1788007.95,1600607.83,1983985.55,1769334.25,2.77,72999.02,2.44,55528.27,SARIMA
Store 02,2012-09-21,1829415.67,1723183.04,1524040.0,1934437.62,1743916.35,2.77,72999.02,2.44,55528.27,SARIMA
Store 02,2012-09-28,1746470.56,1733952.49,1543160.32,1932496.78,1733670.18,2.77,72999.02,2.44,55528.27,SARIMA
Store 02,2012-10-05,1998321.04,1800086.74,1608618.15,1986530.93,1908679.36,2.77,72999.02,2.44,55528.27,SARIMA
Store 02,2012-10-12,1900745.13,1843018.2,1657706.67,2031307.04,1817954.53,2.77,72999.02,2.44,55528.27,SARIMA
Store 02,2012-10-19,1847990.41,1818809.72,1620002.83,2001739.08,1898099.15,2.77,72999.02,2.44,55528.27,SARIMA
Store 02,2012-10-26,1834458.35,1777059.41,1572101.38,1967068.0,1842094.26,2.77,72999.02,2.44,55528.27,SARIMA
Store 03,2012-08-10,391811.6,414229.27,378386.93,449176.0,418808.51,2.67,13714.86,2.98,14803.03,Prophet
Store 03,2012-08-17,394918.83,411476.38,376972.38,448235.12,419456.39,2.67,13714.86,2.98,14803.03,Prophet
Store 03,2012-08-24,412449.67,410332.0,377058.53,446300.54,409167.7,2.67,13714.86,2.98,14803.03,Prophet
Store 03,2012-08-31,408838.73,411771.27,375364.84,444745.59,417967.28,2.67,13714.86,2.98,14803.03,Prophet
Store 03,2012-09-07,408229.73,412173.67,377798.94,448278.0,417441.03,2.67,13714.86,2.98,14803.03,Prophet
Store 03,2012-09-14,407589.16,409387.19,377371.16,442480.71,417229.03,2.67,13714.86,2.98,14803.03,Prophet
Store 03,2012-09-21,414392.09,406856.57,373274.93,442234.43,407383.01,2.67,13714.86,2.98,14803.03,Prophet
Store 03,2012-09-28,389813.02,409553.78,373943.82,445394.78,410530.2,2.67,13714.86,2.98,14803.03,Prophet
Store 03,2012-10-05,443557.65,416760.52,383489.78,451968.94,444892.22,2.67,13714.86,2.98,14803.03,Prophet
Store 03,2012-10-12,410804.39,421818.03,387992.52,455706.28,408769.75,2.67,13714.86,2.98,14803.03,Prophet
Store 03,2012-10-19,424513.08,420431.43,386053.44,454386.58,432168.24,2.67,13714.86,2.98,14803.03,Prophet
Store 03,2012-10-26,405432.7,417518.39,380681.2,450713.01,427430.53,2.67,13714.86,2.98,14803.03,Prophet
Store 04,2012-08-10,2193367.69,2212820.36,1989810.94,2433015.92,2222860.89,4.05,101529.02,3.41,90941.22,SARIMA
Store 04,2012-08-17,2283540.3,2225413.32,2005695.06,2455238.11,2344505.99,4.05,101529.02,3.41,90941.22,SARIMA
Store 04,2012-08-24,2125241.68,2248404.84,2023690.11,2476260.47,2101874.15,4.05,101529.02,3.41,90941.22,SARIMA
Store 04,2012-08-31,2081181.35,2268321.74,2036720.14,2489498.75,2191745.13,4.05,101529.02,3.41,90941.22,SARIMA
Store 04,2012-09-07,2125104.72,2248743.77,2022743.57,2471021.14,2205017.56,4.05,101529.02,3.41,90941.22,SARIMA
Store 04,2012-09-14,2117854.6,2185198.17,1976676.07,2412415.97,2188339.46,4.05,101529.02,3.41,90941.22,SARIMA
Store 04,2012-09-21,2119438.53,2129305.1,1911651.79,2349556.46,2143406.68,4.05,101529.02,3.41,90941.22,SARIMA
Store 04,2012-09-28,2027620.23,2137348.74,1904770.81,2357304.88,2043786.5,4.05,101529.02,3.41,90941.22,SARIMA
Store 04,2012-10-05,2209835.43,2200422.31,1990252.76,2414634.86,2278810.85,4.05,101529.02,3.41,90941.22,SARIMA
Store 04,2012-10-12,2133026.07,2249485.25,2026469.83,2462992.42,2186772.96,4.05,101529.02,3.41,90941.22,SARIMA
Store 04,2012-10-19,2097266.85,2239720.93,2009241.0,2439356.9,2318703.5,4.05,101529.02,3.41,90941.22,SARIMA
Store 04,2012-10-26,2149594.46,2211609.58,1998852.71,2433417.06,2263682.54,4.05,101529.02,3.41,90941.22,SARIMA
Store 05,2012-08-10,306759.7,321015.49,285952.87,352071.74,318153.52,4.21,16902.66,3.59,12776.33,SARIMA
Store 05,2012-08-17,314014.18,323356.91,290241.74,353500.98,332173.55,4.21,16902.66,3.59,12776.33,SARIMA
Store 05,2012-08-24,320831.36,327941.6,297937.15,361813.39,338303.98,4.21,16902.66,3.59,12776.33,SARIMA
Store 05,2012-08-31,344642.01,336476.99,305283.42,366382.32,346071.57,4.21,16902.66,3.59,12776.33,SARIMA
Store 05,2012-09-07,350648.91,342861.87,311216.06,375686.04,349273.85,4.21,16902.66,3.59,12776.33,SARIMA
Store 05,2012-09-14,299800.67,338990.07,308210.63,373433.25,309765.13,4.21,16902.66,3.59,12776.33,SARIMA
Store 05,2012-09-21,307306.76,325907.02,295816.26,358701.9,321602.68,4.21,16902.66,3.59,12776.33,SARIMA
Store 05,2012-09-28,310141.68,315126.27,282231.99,348616.67,321792.14,4.21,16902.66,3.59,12776.33,SARIMA
Store 05,2012-10-05,343048.29,316301.61,285585.92,346135.46,337108.95,4.21,16902.66,3.59,12776.33,SARIMA
Store 05,2012-10-12,325345.41,325670.54,296833.25,358410.91,316026.66,4.21,16902.66,3.59,12776.33,SARIMA
Store 05,2012-10-19,313358.15,330583.7,296886.28,361919.77,333839.23,4.21,16902.66,3.59,12776.33,SARIMA
Store 05,2012-10-26,319550.77,325968.63,292478.99,357337.07,334008.28,4.21,16902.66,3.59,12776.33,SARIMA
Store 06,2012-08-10,1588380.73,1556739.06,1388920.99,1716114.97,1540972.46,3.71,68661.68,2.07,35843.91,SARIMA
Store 06,2012-08-17,1543049.52,1540607.71,1367709.37,1704499.87,1549076.77,3.71,68661.68,2.07,35843.91,SARIMA
Store 06,2012-08-24,1501095.49,1529190.6,1355435.76,1697939.28,1475593.18,3.71,68661.68,2.07,35843.91,SARIMA
Store 06,2012-08-31,1577439.81,1520888.84,1351150.06,1690959.51,1536757.84,3.71,68661.68,2.07,35843.91,SARIMA
Store 06,2012-09-07,1608077.01,1492460.69,1335854.65,1662180.47,1536651.91,3.71,68661.68,2.07,35843.91,SARIMA
Store 06,2012-09-14,1375166.86,1429339.73,1264997.56,1592824.65,1404918.3,3.71,68661.68,2.07,35843.91,SARIMA
Store 06,2012-09-21,1425603.65,1358611.45,1188474.78,1551827.78,1389151.97,3.71,68661.68,2.07,35843.91,SARIMA
Store 06,2012-09-28,1369131.46,1330827.68,1173847.7,1497874.12,1362560.35,3.71,68661.68,2.07,35843.91,SARIMA
Store 06,2012-10-05,1518177.71,1361821.73,1203825.36,1528556.01,1533372.69,3.71,68661.68,2.07,35843.91,SARIMA
Store 06,2012-10-12,1459396.84,1407811.97,1239091.98,1575429.91,1440037.45,3.71,68661.68,2.07,35843.91,SARIMA
Store 06,2012-10-19,1436883.99,1415088.61,1253445.9,1570916.6,1470420.92,3.71,68661.68,2.07,35843.91,SARIMA
Store 06,2012-10-26,1431426.34,1389732.1,1219463.4,1546447.69,1473129.71,3.71,68661.68,2.07,35843.91,SARIMA
Store 07,2012-08-10,675926.3,719706.37,652056.04,790292.11,686715.55,12.87,72748.03,6.05,36150.96,SARIMA
Store 07,2012-08-17,642450.4,711421.9,641590.95,777819.71,663580.11,12.87,72748.03,6.05,36150.96,SARIMA
Store 07,2012-08-24,609099.37,691140.88,618949.72,759132.29,646627.65,12.87,72748.03,6.05,36150.96,SARIMA
Store 07,2012-08-31,586467.16,674052.04,606551.21,739989.05,613443.22,12.87,72748.03,6.05,36150.96,SARIMA
Store 07,2012-09-07,597876.55,661677.61,594453.36,737244.94,630106.48,12.87,72748.03,6.05,36150.96,SARIMA
Store 07,2012-09-14,541120.2,640509.22,575032.46,707433.68,579519.91,12.87,72748.03,6.05,36150.96,SARIMA
Store 07,2012-09-21,530842.25,605311.34,533804.44,672969.95,561545.93,12.87,72748.03,6.05,36150.96,SARIMA
Store 07,2012-09-28,525545.76,573293.04,506483.49,639711.68,517665.95,12.87,72748.03,6.05,36150.96,SARIMA
Store 07,2012-10-05,505830.56,565750.75,497119.09,633289.3,552131.32,12.87,72748.03,6.05,36150.96,SARIMA
Store 07,2012-10-12,503463.93,579283.48,511219.69,650169.95,530469.07,12.87,72748.03,6.05,36150.96,SARIMA
Store 07,2012-10-19,516424.83,587300.21,522344.23,656599.25,576146.71,12.87,72748.03,6.05,36150.96,SARIMA
Store 07,2012-10-26,495543.28,574884.73,508758.94,640774.95,550551.45,12.87,72748.03,6.05,36150.96,SARIMA
Store 08,2012-08-10,930745.69,876945.91,792144.49,965193.42,885247.9,2.55,37745.62,3.41,35651.47,Prophet
Store 08,2012-08-17,896613.19,895463.63,802036.67,984433.24,922476.76,2.55,37745.62,3.41,35651.47,Prophet
Store 08,2012-08-24,936373.65,926361.18,836743.34,1017907.82,939978.73,2.55,37745.62,3.41,35651.47,Prophet
Store 08,2012-08-31,976137.73,946538.55,857004.03,1033555.81,919042.72,2.55,37745.62,3.41,35651.47,Prophet
Store 08,2012-09-07,932160.37,931413.03,845991.0,1016284.03,875854.74,2.55,37745.62,3.41,35651.47,Prophet
Store 08,2012-09-14,883569.38,885312.45,797885.97,975492.46,898342.73,2.55,37745.62,3.41,35651.47,Prophet
Store 08,2012-09-21,857796.45,844322.75,756664.1,928545.72,833841.42,2.55,37745.62,3.41,35651.47,Prophet
Store 08,2012-09-28,884724.41,841914.99,758489.12,933501.05,836636.2,2.55,37745.62,3.41,35651.47,Prophet
Store 08,2012-10-05,976436.02,873606.53,783337.94,969634.8,957155.78,2.55,37745.62,3.41,35651.47,Prophet
Store 08,2012-10-12,927511.99,902722.72,817199.45,998057.3,890541.79,2.55,37745.62,3.41,35651.47,Prophet
Store 08,2012-10-19,900309.75,902909.53,819455.04,987928.23,933099.85,2.55,37745.62,3.41,35651.47,Prophet
Store 08,2012-10-26,891671.44,888246.21,800106.59,978286.33,903996.69,2.55,37745.62,3.41,35651.47,Prophet
Store 09,2012-08-10,538713.47,543274.18,488471.93,595602.55,534133.37,2.66,20863.22,3.24,23917.56,Prophet
Store 09,2012-08-17,535153.47,558564.43,506897.36,612058.17,565296.06,2.66,20863.22,3.24,23917.56,Prophet
Store 09,2012-08-24,572887.78,574652.63,518392.52,627544.85,569471.07,2.66,20863.22,3.24,23917.56,Prophet
Store 09,2012-08-31,576879.15,581966.08,530479.53,637186.39,572147.04,2.66,20863.22,3.24,23917.56,Prophet
Store 09,2012-09-07,565812.29,572029.7,517013.53,628180.41,562467.99,2.66,20863.22,3.24,23917.56,Prophet
Store 09,2012-09-14,523427.35,549082.02,495870.32,605182.22,534425.36,2.66,20863.22,3.24,23917.56,Prophet
Store 09,2012-09-21,533756.88,530949.01,472773.3,584626.58,546517.75,2.66,20863.22,3.24,23917.56,Prophet
Store 09,2012-09-28,516361.06,533100.17,482339.54,586758.27,532552.95,2.66,20863.22,3.24,23917.56,Prophet
Store 09,2012-10-05,606755.3,551662.24,496428.99,605858.55,586289.37,2.66,20863.22,3.24,23917.56,Prophet
Store 09,2012-10-12,558464.8,566628.58,508170.57,618719.41,574128.36,2.66,20863.22,3.24,23917.56,Prophet
Store 09,2012-10-19,542009.46,564554.05,508610.62,618552.5,604541.43,2.66,20863.22,3.24,23917.56,Prophet
Store 09,2012-10-26,549731.49,555242.46,501312.87,607027.72,577468.97,2.66,20863.22,3.24,23917.56,Prophet
Store 10,2012-08-10,1880436.94,1883775.5,1643421.72,2108927.74,1958543.25,3.42,72208.08,3.49,77723.8,Prophet
Store 10,2012-08-17,1827797.4,1873577.54,1651214.76,2096386.99,1993877.71,3.42,72208.08,3.49,77723.8,Prophet
Store 10,2012-08-24,1764984.15,1850775.0,1615169.23,2071658.43,1765804.84,3.42,72208.08,3.49,77723.8,Prophet
Store 10,2012-08-31,1650285.54,1813198.31,1586595.66,2031432.94,1796407.09,3.42,72208.08,3.49,77723.8,Prophet
Store 10,2012-09-07,1708283.28,1742940.28,1526222.72,1975544.15,1710485.27,3.42,72208.08,3.49,77723.8,Prophet
Store 10,2012-09-14,1640168.99,1652014.94,1440506.14,1872523.75,1691588.2,3.42,72208.08,3.49,77723.8,Prophet
Store 10,2012-09-21,1671857.57,1595843.59,1361153.73,1831405.16,1721799.09,3.42,72208.08,3.49,77723.8,Prophet
Store 10,2012-09-28,1694862.41,1618598.81,1396275.08,1836802.67,1666027.87,3.42,72208.08,3.49,77723.8,Prophet
Store 10,2012-10-05,1758971.38,1691684.49,1446823.09,1933058.44,1824866.69,3.42,72208.08,3.49,77723.8,Prophet
Store 10,2012-10-12,1713889.11,1733280.49,1507018.87,1969383.23,1742134.11,3.42,72208.08,3.49,77723.8,Prophet
Store 10,2012-10-19,1734834.82,1702288.95,1487593.5,1926627.0,1783076.54,3.42,72208.08,3.49,77723.8,Prophet
Store 10,2012-10-26,1744349.05,1656816.29,1426216.88,1874647.55,1807711.62,3.42,72208.08,3.49,77723.8,Prophet
Store 11,2012-08-10,1388973.65,1385608.42,1236638.57,1512830.15,1427478.16,3.79,59827.7,3.66,56150.05,SARIMA
Store 11,2012-08-17,1421307.2,1428951.08,1287827.63,1568247.33,1504240.55,3.79,59827.7,3.66,56150.05,SARIMA
Store 11,2012-08-24,1409515.73,1452443.33,1309579.37,1583380.78,1351538.91,3.79,59827.7,3.66,56150.05,SARIMA
Store 11,2012-08-31,1372872.35,1430879.02,1288296.78,1561778.91,1343358.04,3.79,59827.7,3.66,56150.05,SARIMA
Store 11,2012-09-07,1304584.4,1362819.51,1222092.65,1501510.35,1274995.72,3.79,59827.7,3.66,56150.05,SARIMA
Store 11,2012-09-14,1267675.05,1284450.82,1152145.6,1418698.55,1273549.25,3.79,59827.7,3.66,56150.05,SARIMA
Store 11,2012-09-21,1326132.98,1246253.96,1107794.36,1381468.05,1228561.19,3.79,59827.7,3.66,56150.05,SARIMA
Store 11,2012-09-28,1227430.73,1266469.75,1143376.92,1405617.01,1217687.48,3.79,59827.7,3.66,56150.05,SARIMA
Store 11,2012-10-05,1422794.26,1310840.32,1181620.2,1443383.26,1356953.11,3.79,59827.7,3.66,56150.05,SARIMA
Store 11,2012-10-12,1311965.09,1327941.34,1196566.16,1464042.5,1253150.31,3.79,59827.7,3.66,56150.05,SARIMA
Store 11,2012-10-19,1232073.18,1306482.63,1160615.85,1433133.51,1266046.7,3.79,59827.7,3.66,56150.05,SARIMA
Store 11,2012-10-26,1200729.45,1288887.2,1141195.06,1427893.69,1276672.66,3.79,59827.7,3.66,56150.05,SARIMA
Store 12,2012-08-10,984689.9,965244.22,841324.85,1084289.78,971516.34,3.92,51289.48,1.65,18411.98,SARIMA
Store 12,2012-08-17,1005003.12,978529.2,869375.7,1095794.93,982797.72,3.92,51289.48,1.65,18411.98,SARIMA
Store 12,2012-08-24,1048101.39,1021411.31,901383.51,1133615.79,1033847.26,3.92,51289.48,1.65,18411.98,SARIMA
Store 12,2012-08-31,1061943.49,1066107.64,958723.96,1168524.22,1070572.44,3.92,51289.48,1.65,18411.98,SARIMA
Store 12,2012-09-07,955146.04,1062338.85,946524.22,1176427.6,938797.85,3.92,51289.48,1.65,18411.98,SARIMA
Store 12,2012-09-14,885892.37,994486.26,884468.9,1105105.71,904230.61,3.92,51289.48,1.65,18411.98,SARIMA
Store 12,2012-09-21,922735.37,909947.97,795929.21,1020941.83,887697.26,3.92,51289.48,1.65,18411.98,SARIMA
Store 12,2012-09-28,880415.67,876752.37,762412.45,983436.0,882682.46,3.92,51289.48,1.65,18411.98,SARIMA
Store 12,2012-10-05,979825.92,912261.42,806052.79,1032249.3,966331.92,3.92,51289.48,1.65,18411.98,SARIMA
Store 12,2012-10-12,934917.47,965635.6,851077.02,1080668.77,940690.55,3.92,51289.48,1.65,18411.98,SARIMA
Store 12,2012-10-19,960945.43,978130.88,861296.04,1088282.83,950707.39,3.92,51289.48,1.65,18411.98,SARIMA
Store 12,2012-10-26,974697.6,952452.37,837243.93,1066452.55,1005796.69,3.92,51289.48,1.65,18411.98,SARIMA
Store 13,2012-08-10,2041019.92,2028620.67,1807779.86,2246569.81,2049207.41,2.37,55162.99,2.72,80787.71,Prophet
Store 13,2012-08-17,2095769.18,2047351.9,1824493.05,2261724.06,2178932.57,2.37,55162.99,2.72,80787.71,Prophet
Store 13,2012-08-24,2059458.25,2098709.67,1887487.98,2296710.9,2125141.62,2.37,55162.99,2.72,80787.71,Prophet
Store 13,2012-08-31,2073855.42,2125716.85,1912731.12,2341215.39,2042541.04,2.37,55162.99,2.72,80787.71,Prophet
Store 13,2012-09-07,2165796.31,2067276.18,1844281.84,2289068.14,1962613.7,2.37,55162.99,2.72,80787.71,Prophet
Store 13,2012-09-14,1919917.03,1945069.6,1719004.89,2155479.53,2013311.25,2.37,55162.99,2.72,80787.71,Prophet
Store 13,2012-09-21,1938379.66,1861131.55,1652705.07,2081022.31,1937652.48,2.37,55162.99,2.72,80787.71,Prophet
Store 13,2012-09-28,1927664.11,1890599.11,1672271.99,2111409.77,1924975.55,2.37,55162.99,2.72,80787.71,Prophet
Store 13,2012-10-05,2041918.74,1992122.63,1792466.85,2209980.04,2158071.26,2.37,55162.99,2.72,80787.71,Prophet
Store 13,2012-10-12,1999079.44,2051310.19,1833546.18,2276525.49,2019048.16,2.37,55162.99,2.72,80787.71,Prophet
Store 13,2012-10-19,2018010.15,2014385.4,1774305.93,2223154.17,2064171.65,2.37,55162.99,2.72,80787.71,Prophet
Store 13,2012-10-26,2035189.66,1952205.27,1740028.69,2161144.92,2037895.89,2.37,55162.99,2.72,80787.71,Prophet
Store 14,2012-08-10,1648570.03,1752699.6,1485373.42,2005311.74,1552052.55,8.94,166702.23,5.87,115164.6,SARIMA
Store 14,2012-08-17,1660433.3,1778586.59,1517430.34,2026796.07,1533582.43,8.94,166702.23,5.87,115164.6,SARIMA
Store 14,2012-08-24,1621841.33,1840030.58,1573116.73,2101503.55,1861959.16,8.94,166702.23,5.87,115164.6,SARIMA
Store 14,2012-08-31,1613342.19,1902791.46,1652162.79,2150236.06,1422473.9,8.94,166702.23,5.87,115164.6,SARIMA
Store 14,2012-09-07,1904512.34,1903480.53,1656113.27,2154725.82,1819590.38,8.94,166702.23,5.87,115164.6,SARIMA
Store 14,2012-09-14,1554794.22,1824070.28,1565146.19,2083748.1,1497267.28,8.94,166702.23,5.87,115164.6,SARIMA
Store 14,2012-09-21,1565352.46,1725271.04,1460966.13,1969330.87,1495270.85,8.94,166702.23,5.87,115164.6,SARIMA
Store 14,2012-09-28,1522512.2,1686708.53,1434368.22,1932096.06,1438676.21,8.94,166702.23,5.87,115164.6,SARIMA
Store 14,2012-10-05,1687592.16,1720550.68,1440214.46,1966490.56,1700076.0,8.94,166702.23,5.87,115164.6,SARIMA
Store 14,2012-10-12,1639585.61,1765582.94,1496581.44,2043926.72,1517928.23,8.94,166702.23,5.87,115164.6,SARIMA
Store 14,2012-10-19,1590274.72,1770243.8,1529871.95,2022822.9,1621931.76,8.94,166702.23,5.87,115164.6,SARIMA
Store 14,2012-10-26,1704357.62,1758111.72,1499184.44,2020886.96,1669129.13,8.94,166702.23,5.87,115164.6,SARIMA
Store 15,2012-08-10,590453.63,572855.39,475087.35,662337.84,584507.56,3.98,30144.61,1.84,11928.78,SARIMA
Store 15,2012-08-17,579738.2,570857.92,474896.79,661487.91,591315.26,3.98,30144.61,1.84,11928.78,SARIMA
Store 15,2012-08-24,606210.77,582603.98,485703.5,682533.53,601056.77,3.98,30144.61,1.84,11928.78,SARIMA
Store 15,2012-08-31,610185.32,604467.32,502013.15,697562.16,602758.21,3.98,30144.61,1.84,11928.78,SARIMA
Store 15,2012-09-07,587259.82,610812.55,508257.77,711478.24,596715.86,3.98,30144.61,1.84,11928.78,SARIMA
Store 15,2012-09-14,527509.76,581604.6,493425.68,679553.86,551231.89,3.98,30144.61,1.84,11928.78,SARIMA
Store 15,2012-09-21,533161.64,532031.66,437917.15,626635.91,531913.71,3.98,30144.61,1.84,11928.78,SARIMA
Store 15,2012-09-28,553901.97,502349.72,405625.11,609015.0,537431.25,3.98,30144.61,1.84,11928.78,SARIMA
Store 15,2012-10-05,573498.64,514247.64,418801.13,611891.54,562685.09,3.98,30144.61,1.84,11928.78,SARIMA
Store 15,2012-10-12,551799.63,545763.86,444258.98,643906.29,546261.09,3.98,30144.61,1.84,11928.78,SARIMA
Store 15,2012-10-19,555652.77,558027.58,456370.08,644750.98,572421.59,3.98,30144.61,1.84,11928.78,SARIMA
Store 15,2012-10-26,558473.6,543202.87,442988.1,643907.97,568604.71,3.98,30144.61,1.84,11928.78,SARIMA
Store 16,2012-08-10,554036.84,584953.53,531936.8,643477.32,537645.82,7.18,40617.58,1.95,14753.68,SARIMA
Store 16,2012-08-17,521896.6,570911.85,517602.74,627200.34,535784.75,7.18,40617.58,1.95,14753.68,SARIMA
Store 16,2012-08-24,551152.15,568878.65,516236.37,623842.96,550224.48,7.18,40617.58,1.95,14753.68,SARIMA
Store 16,2012-08-31,551837.31,583254.37,529831.41,643629.02,552183.58,7.18,40617.58,1.95,14753.68,SARIMA
Store 16,2012-09-07,537138.58,596064.92,538502.62,652345.92,546895.83,7.18,40617.58,1.95,14753.68,SARIMA
Store 16,2012-09-14,526525.16,583664.94,528225.22,639758.95,525552.34,7.18,40617.58,1.95,14753.68,SARIMA
Store 16,2012-09-21,509942.56,544578.69,490701.25,598906.25,505591.38,7.18,40617.58,1.95,14753.68,SARIMA
Store 16,2012-09-28,469607.73,504579.8,446146.98,560142.11,465262.12,7.18,40617.58,1.95,14753.68,SARIMA
Store 16,2012-10-05,471281.68,490673.41,433200.14,549268.45,474933.97,7.18,40617.58,1.95,14753.68,SARIMA
Store 16,2012-10-12,491817.19,503510.65,452202.82,555364.92,485105.2,7.18,40617.58,1.95,14753.68,SARIMA
Store 16,2012-10-19,577198.97,520260.4,466428.38,574409.07,541129.01,7.18,40617.58,1.95,14753.68,SARIMA
Store 16,2012-10-26,475770.14,522920.0,468146.94,578245.35,501385.08,7.18,40617.58,1.95,14753.68,SARIMA
Store 17,2012-08-10,849074.04,896522.57,803143.34,993269.93,888508.11,5.84,86931.19,4.18,45983.93,SARIMA
Store 17,2012-08-17,844928.17,851720.69,746897.57,948984.3,872065.21,5.84,86931.19,4.18,45983.93,SARIMA
Store 17,2012-08-24,924299.78,844956.4,749120.63,939966.21,914593.7,5.84,86931.19,4.18,45983.93,SARIMA
Store 17,2012-08-31,865924.2,912224.93,816428.04,1012276.13,918137.49,5.84,86931.19,4.18,45983.93,SARIMA
Store 17,2012-09-07,1255633.29,1025983.21,926957.07,1127014.67,1195254.31,5.84,86931.19,4.18,45983.93,SARIMA
Store 17,2012-09-14,1071040.22,1105330.49,1008722.17,1201643.62,1147827.4,5.84,86931.19,4.18,45983.93,SARIMA
Store 17,2012-09-21,938303.28,1090126.5,991367.96,1185575.47,969428.19,5.84,86931.19,4.18,45983.93,SARIMA
Store 17,2012-09-28,972716.24,1001691.19,907117.01,1101967.83,943000.99,5.84,86931.19,4.18,45983.93,SARIMA
Store 17,2012-10-05,952609.17,921069.01,825284.6,1022381.07,1001623.5,5.84,86931.19,4.18,45983.93,SARIMA
Store 17,2012-10-12,919878.34,906960.45,817373.34,1003601.63,958775.27,5.84,86931.19,4.18,45983.93,SARIMA
Store 17,2012-10-19,957356.84,943447.11,847896.93,1036348.96,956482.21,5.84,86931.19,4.18,45983.93,SARIMA
Store 17,2012-10-26,943465.29,971532.95,876942.09,1068750.69,1013839.82,5.84,86931.19,4.18,45983.93,SARIMA
Store 18,2012-08-10,967304.07,1006792.25,868489.25,1147076.83,968014.89,7.53,89156.78,7.57,101997.69,Prophet
Store 18,2012-08-17,1048134.24,1027903.74,884514.19,1168412.75,998104.42,7.53,89156.78,7.57,101997.69,Prophet
Store 18,2012-08-24,1145840.91,1042646.67,908725.96,1188021.68,1093535.52,7.53,89156.78,7.57,101997.69,Prophet
Store 18,2012-08-31,1117097.23,1032606.89,880337.07,1176359.43,861398.92,7.53,89156.78,7.57,101997.69,Prophet
Store 18,2012-09-07,1083521.24,986427.63,844668.73,1128812.1,965462.29,7.53,89156.78,7.57,101997.69,Prophet
Store 18,2012-09-14,960476.1,919242.65,778335.45,1064152.64,922583.68,7.53,89156.78,7.57,101997.69,Prophet
Store 18,2012-09-21,971386.65,872746.52,729369.85,1022408.64,912256.41,7.53,89156.78,7.57,101997.69,Prophet
Store 18,2012-09-28,1002856.2,882309.12,746460.39,1023327.69,909645.21,7.53,89156.78,7.57,101997.69,Prophet
Store 18,2012-10-05,1092204.79,940445.91,789881.41,1075010.35,1017591.63,7.53,89156.78,7.57,101997.69,Prophet
Store 18,2012-10-12,1074079.0,1000842.28,848126.29,1141006.23,971481.36,7.53,89156.78,7.57,101997.69,Prophet
Store 18,2012-10-19,1048706.75,1025064.9,880266.76,1157811.98,1013014.24,7.53,89156.78,7.57,101997.69,Prophet
Store 18,2012-10-26,1127516.25,1021267.69,883385.97,1167359.55,1031102.53,7.53,89156.78,7.57,101997.69,Prophet
Store 19,2012-08-10,1408907.89,1297232.71,1155406.65,1476712.86,1348334.69,3.9,69648.54,2.75,42933.71,SARIMA
Store 19,2012-08-17,1375101.26,1323415.71,1175071.88,1473994.9,1377649.56,3.9,69648.54,2.75,42933.71,SARIMA
Store 19,2012-08-24,1544653.37,1417296.74,1258747.45,1566874.73,1533298.71,3.9,69648.54,2.75,42933.71,SARIMA
Store 19,2012-08-31,1542719.87,1524299.53,1355759.94,1677071.09,1595578.31,3.9,69648.54,2.75,42933.71,SARIMA
Store 19,2012-09-07,1497073.82,1552215.53,1384683.16,1692825.91,1552534.91,3.9,69648.54,2.75,42933.71,SARIMA
Store 19,2012-09-14,1370653.41,1468917.45,1315989.62,1632859.03,1351396.89,3.9,69648.54,2.75,42933.71,SARIMA
Store 19,2012-09-21,1338572.29,1345398.56,1186564.38,1505075.18,1286084.88,3.9,69648.54,2.75,42933.71,SARIMA
Store 19,2012-09-28,1338299.02,1283527.61,1129291.89,1443195.56,1316999.65,3.9,69648.54,2.75,42933.71,SARIMA
Store 19,2012-10-05,1408016.1,1307864.1,1157322.87,1466516.56,1446543.97,3.9,69648.54,2.75,42933.71,SARIMA
Store 19,2012-10-12,1352809.5,1350024.43,1193806.07,1497608.29,1305177.92,3.9,69648.54,2.75,42933.71,SARIMA
Store 19,2012-10-19,1321102.35,1343010.48,1188102.06,1499174.57,1359951.15,3.9,69648.54,2.75,42933.71,SARIMA
Store 19,2012-10-26,1322117.96,1306364.25,1151261.76,1457486.17,1382146.0,3.9,69648.54,2.75,42933.71,SARIMA
Store 20,2012-08-10,2144245.39,2008999.11,1770319.53,2242173.75,2111551.73,3.14,86416.5,2.81,77834.42,SARIMA
Store 20,2012-08-17,2045061.22,2024632.54,1807926.09,2264527.86,2057356.04,3.14,86416.5,2.81,77834.42,SARIMA
Store 20,2012-08-24,2005341.43,2083830.43,1852671.33,2314822.37,2004296.72,3.14,86416.5,2.81,77834.42,SARIMA
Store 20,2012-08-31,2062481.56,2137350.08,1890551.11,2362256.9,2209582.44,3.14,86416.5,2.81,77834.42,SARIMA
Store 20,2012-09-07,2080529.06,2123272.87,1880958.37,2354399.45,2117038.98,3.14,86416.5,2.81,77834.42,SARIMA
Store 20,2012-09-14,2047949.98,2042529.3,1800323.65,2273757.13,2045966.72,3.14,86416.5,2.81,77834.42,SARIMA
Store 20,2012-09-21,2028587.24,1970117.84,1731621.37,2202377.87,1949124.27,3.14,86416.5,2.81,77834.42,SARIMA
Store 20,2012-09-28,2008350.58,1975136.81,1753105.18,2217793.16,2014415.34,3.14,86416.5,2.81,77834.42,SARIMA
Store 20,2012-10-05,2246411.89,2040270.26,1818653.86,2276938.54,2198919.16,3.14,86416.5,2.81,77834.42,SARIMA
Store 20,2012-10-12,2162951.36,2083457.88,1860217.8,2306500.11,2074513.63,3.14,86416.5,2.81,77834.42,SARIMA
Store 20,2012-10-19,1999363.49,2062189.39,1844162.94,2288134.18,2155298.7,3.14,86416.5,2.81,77834.42,SARIMA
Store 20,2012-10-26,2031650.55,2032002.63,1803027.16,2255592.26,2119729.64,3.14,86416.5,2.81,77834.42,SARIMA
Store 21,2012-08-10,700272.01,738928.69,622489.44,851582.81,708624.02,4.98,40587.57,3.04,34920.5,SARIMA
Store 21,2012-08-17,751963.81,766938.52,652700.19,872163.35,746784.75,4.98,40587.57,3.04,34920.5,SARIMA
Store 21,2012-08-24,802003.61,792577.24,680142.97,903152.5,740056.45,4.98,40587.57,3.04,34920.5,SARIMA
Store 21,2012-08-31,763867.59,788988.52,675313.66,898780.06,668824.47,4.98,40587.57,3.04,34920.5,SARIMA
Store 21,2012-09-07,642827.29,739080.32,624633.11,853702.51,638132.1,4.98,40587.57,3.04,34920.5,SARIMA
Store 21,2012-09-14,628494.63,663330.23,555993.38,771722.6,641298.87,4.98,40587.57,3.04,34920.5,SARIMA
Store 21,2012-09-21,667151.46,610977.61,505545.64,727092.53,644625.85,4.98,40587.57,3.04,34920.5,SARIMA
Store 21,2012-09-28,647097.65,614598.82,511782.26,731508.27,638584.74,4.98,40587.57,3.04,34920.5,SARIMA
Store 21,2012-10-05,651768.91,655890.13,544915.13,769475.17,642675.86,4.98,40587.57,3.04,34920.5,SARIMA
Store 21,2012-10-12,653043.44,685044.12,576203.51,799287.78,648867.21,4.98,40587.57,3.04,34920.5,SARIMA
Store 21,2012-10-19,641368.14,676062.63,564247.41,789622.28,669429.8,4.98,40587.57,3.04,34920.5,SARIMA
Store 21,2012-10-26,675202.87,655324.84,545383.41,777041.0,678755.65,4.98,40587.57,3.04,34920.5,SARIMA
Store 22,2012-08-10,973812.79,964626.4,840482.22,1104137.12,969223.49,3.92,51169.43,2.62,34935.31,SARIMA
Store 22,2012-08-17,981273.26,996526.45,870382.44,1120038.01,996509.33,3.92,51169.43,2.62,34935.31,SARIMA
Store 22,2012-08-24,1060906.75,1039612.45,914485.28,1168725.34,1063325.08,3.92,51169.43,2.62,34935.31,SARIMA
Store 22,2012-08-31,1022270.86,1059059.47,937324.91,1189812.02,1010010.1,3.92,51169.43,2.62,34935.31,SARIMA
Store 22,2012-09-07,996628.8,1027727.83,899357.57,1162946.56,945246.49,3.92,51169.43,2.62,34935.31,SARIMA
Store 22,2012-09-14,918049.28,959181.7,838025.52,1085038.3,930504.38,3.92,51169.43,2.62,34935.31,SARIMA
Store 22,2012-09-21,921612.53,902956.49,764712.55,1027137.43,912918.14,3.92,51169.43,2.62,34935.31,SARIMA
Store 22,2012-09-28,976479.51,898611.28,756702.15,1025757.41,926714.97,3.92,51169.43,2.62,34935.31,SARIMA
Store 22,2012-10-05,1009887.36,936810.01,811380.87,1059602.61,992553.33,3.92,51169.43,2.62,34935.31,SARIMA
Store 22,2012-10-12,1004039.84,973223.62,840090.02,1108310.34,950365.36,3.92,51169.43,2.62,34935.31,SARIMA
Store 22,2012-10-19,978027.95,980432.52,851581.93,1101973.25,961485.83,3.92,51169.43,2.62,34935.31,SARIMA
Store 22,2012-10-26,1094422.69,976399.06,837841.42,1102743.12,1020707.65,3.92,51169.43,2.62,34935.31,SARIMA
Store 23,2012-08-10,1436311.76,1367677.21,1193055.61,1556438.26,1384342.62,6.81,108084.71,5.85,94932.19,SARIMA
Store 23,2012-08-17,1510131.45,1428502.67,1251384.37,1620012.14,1448474.39,6.81,108084.71,5.85,94932.19,SARIMA
Store 23,2012-08-24,1702220.96,1528187.12,1347868.32,1713714.08,1591646.13,6.81,108084.71,5.85,94932.19,SARIMA
Store 23,2012-08-31,1577468.78,1579715.64,1394182.52,1763825.91,1440355.93,6.81,108084.71,5.85,94932.19,SARIMA
Store 23,2012-09-07,1427162.26,1512521.22,1335791.63,1704285.37,1368549.9,6.81,108084.71,5.85,94932.19,SARIMA
Store 23,2012-09-14,1279041.64,1357033.44,1176993.56,1539616.34,1246988.95,6.81,108084.71,5.85,94932.19,SARIMA
Store 23,2012-09-21,1338627.55,1227624.69,1056342.38,1423091.37,1237913.58,6.81,108084.71,5.85,94932.19,SARIMA
Store 23,2012-09-28,1319035.06,1209375.23,1035483.86,1395917.81,1244695.98,6.81,108084.71,5.85,94932.19,SARIMA
Store 23,2012-10-05,1464616.59,1272982.9,1092255.98,1456881.26,1347310.67,6.81,108084.71,5.85,94932.19,SARIMA
Store 23,2012-10-12,1412925.25,1317514.5,1147107.73,1496557.21,1232780.14,6.81,108084.71,5.85,94932.19,SARIMA
Store 23,2012-10-19,1363155.77,1291512.54,1101973.02,1475412.6,1324121.69,6.81,108084.71,5.85,94932.19,SARIMA
Store 23,2012-10-26,1347454.59,1248229.4,1073467.62,1426839.44,1295039.41,6.81,108084.71,5.85,94932.19,SARIMA
Store 24,2012-08-10,1497054.81,1355552.68,1213791.96,1509330.45,1434840.84,5.05,84474.34,3.64,62809.54,SARIMA
Store 24,2012-08-17,1397970.54,1361727.26,1215357.57,1515544.56,1385092.42,5.05,84474.34,3.64,62809.54,SARIMA
Store 24,2012-08-24,1303726.54,1375428.1,1236188.11,1532344.1,1432679.8,5.05,84474.34,3.64,62809.54,SARIMA
Store 24,2012-08-31,1344558.92,1384135.22,1242473.16,1544869.53,1234616.5,5.05,84474.34,3.64,62809.54,SARIMA
Store 24,2012-09-07,1477134.75,1367075.88,1215498.62,1524079.67,1557635.18,5.05,84474.34,3.64,62809.54,SARIMA
Store 24,2012-09-14,1242909.53,1317641.51,1179724.85,1471825.18,1261525.72,5.05,84474.34,3.64,62809.54,SARIMA
Store 24,2012-09-21,1261158.47,1262414.18,1112849.87,1407177.24,1262437.14,5.05,84474.34,3.64,62809.54,SARIMA
Store 24,2012-09-28,1259278.36,1241957.15,1089967.41,1395140.09,1277446.53,5.05,84474.34,3.64,62809.54,SARIMA
Store 24,2012-10-05,1416720.54,1266213.25,1117877.73,1401542.01,1436517.5,5.05,84474.34,3.64,62809.54,SARIMA
Store 24,2012-10-12,1416301.17,1299187.44,1161486.1,1442571.41,1364391.23,5.05,84474.34,3.64,62809.54,SARIMA
Store 24,2012-10-19,1255414.84,1299379.69,1143160.77,1453754.49,1314096.12,5.05,84474.34,3.64,62809.54,SARIMA
Store 24,2012-10-26,1307182.29,1271311.25,1129890.04,1418488.24,1337167.35,5.05,84474.34,3.64,62809.54,SARIMA
Store 25,2012-08-10,710496.97,677909.37,597827.71,761629.21,681090.82,4.69,37304.74,2.67,24803.06,SARIMA
Store 25,2012-08-17,728467.72,685444.27,608714.6,770112.68,706630.9,4.69,37304.74,2.67,24803.06,SARIMA
Store 25,2012-08-24,756527.64,706698.72,627801.21,786657.41,698543.42,4.69,37304.74,2.67,24803.06,SARIMA
Store 25,2012-08-31,714828.73,721936.87,639621.67,804842.61,689025.4,4.69,37304.74,2.67,24803.06,SARIMA
Store 25,2012-09-07,671482.9,706928.63,623285.92,784606.47,675546.92,4.69,37304.74,2.67,24803.06,SARIMA
Store 25,2012-09-14,657241.63,663139.22,584552.34,739699.51,663740.88,4.69,37304.74,2.67,24803.06,SARIMA
Store 25,2012-09-21,664745.2,623210.97,544594.64,703939.9,654885.85,4.69,37304.74,2.67,24803.06,SARIMA
Store 25,2012-09-28,683300.84,619198.96,539553.21,702312.33,675888.43,4.69,37304.74,2.67,24803.06,SARIMA
Store 25,2012-10-05,699536.73,647777.26,566774.61,730439.28,683085.95,4.69,37304.74,2.67,24803.06,SARIMA
Store 25,2012-10-12,697317.41,674558.13,594519.48,758680.74,659034.66,4.69,37304.74,2.67,24803.06,SARIMA
Store 25,2012-10-19,685531.85,674439.6,588232.37,753299.74,678598.36,4.69,37304.74,2.67,24803.06,SARIMA
Store 25,2012-10-26,688940.94,660517.03,575358.12,741516.21,684748.77,4.69,37304.74,2.67,24803.06,SARIMA
Store 26,2012-08-10,1121476.51,1059960.27,964657.81,1152063.12,1125473.34,3.05,42304.31,2.65,34246.63,SARIMA
Store 26,2012-08-17,1068292.56,1058541.21,968204.58,1154157.72,1049559.34,3.05,42304.31,2.65,34246.63,SARIMA
Store 26,2012-08-24,1022704.2,1067314.82,970659.09,1166158.77,1093965.08,3.05,42304.31,2.65,34246.63,SARIMA
Store 26,2012-08-31,1053495.51,1075900.27,977934.51,1171221.89,1069587.69,3.05,42304.31,2.65,34246.63,SARIMA
Store 26,2012-09-07,1081874.03,1060082.4,972572.73,1160250.15,1099085.36,3.05,42304.31,2.65,34246.63,SARIMA
Store 26,2012-09-14,986131.94,1013539.61,914721.22,1105855.83,980940.6,3.05,42304.31,2.65,34246.63,SARIMA
Store 26,2012-09-21,961084.08,965899.41,869840.42,1062356.11,952873.12,3.05,42304.31,2.65,34246.63,SARIMA
Store 26,2012-09-28,964726.37,956281.11,858853.52,1052008.36,988666.97,3.05,42304.31,2.65,34246.63,SARIMA
Store 26,2012-10-05,1095504.26,987824.34,888736.66,1084551.85,1158822.14,3.05,42304.31,2.65,34246.63,SARIMA
Store 26,2012-10-12,1044639.69,1019651.79,921454.26,1109209.2,1017134.21,3.05,42304.31,2.65,34246.63,SARIMA
Store 26,2012-10-19,975578.02,1012059.61,916829.77,1109899.37,1004110.23,3.05,42304.31,2.65,34246.63,SARIMA
Store 26,2012-10-26,958619.8,973904.05,878990.3,1063383.7,1001356.84,3.05,42304.31,2.65,34246.63,SARIMA
Store 27,2012-08-10,1720537.26,1678081.39,1461214.62,1880823.14,1710302.81,3.64,74045.39,2.32,54017.02,SARIMA
Store 27,2012-08-17,1735339.59,1723339.48,1506275.5,1934012.05,1742693.12,3.64,74045.39,2.32,54017.02,SARIMA
Store 27,2012-08-24,1780443.36,1774517.18,1584727.55,1974300.12,1851474.59,3.64,74045.39,2.32,54017.02,SARIMA
Store 27,2012-08-31,1731935.43,1796531.43,1593853.41,2004230.76,1595324.87,3.64,74045.39,2.32,54017.02,SARIMA
Store 27,2012-09-07,1840955.23,1758311.86,1565177.44,1979567.85,1802191.68,3.64,74045.39,2.32,54017.02,SARIMA
Store 27,2012-09-14,1519604.5,1659961.84,1448731.82,1866765.45,1557158.06,3.64,74045.39,2.32,54017.02,SARIMA
Store 27,2012-09-21,1557485.75,1549475.89,1338879.93,1755491.95,1542540.17,3.64,74045.39,2.32,54017.02,SARIMA
Store 27,2012-09-28,1540687.63,1493326.31,1307514.57,1708113.27,1521753.99,3.64,74045.39,2.32,54017.02,SARIMA
Store 27,2012-10-05,1591816.88,1515875.56,1301675.34,1718441.97,1612489.87,3.64,74045.39,2.32,54017.02,SARIMA
Store 27,2012-10-12,1660081.29,1572689.49,1362951.57,1790163.83,1624529.77,3.64,74045.39,2.32,54017.02,SARIMA
Store 27,2012-10-19,1620374.24,1596879.86,1388347.07,1804848.94,1616875.17,3.64,74045.39,2.32,54017.02,SARIMA
Store 27,2012-10-26,1703047.74,1573260.93,1374835.53,1773482.33,1625917.3,3.64,74045.39,2.32,54017.02,SARIMA
Store 28,2012-08-10,1269113.41,1246734.57,1068872.64,1434166.83,1210766.57,6.61,112441.66,4.75,76551.61,SARIMA
Store 28,2012-08-17,1184198.41,1243831.77,1058824.21,1428731.6,1180661.05,6.61,112441.66,4.75,76551.61,SARIMA
Store 28,2012-08-24,1199309.59,1261032.46,1077501.11,1448823.11,1141878.93,6.61,112441.66,4.75,76551.61,SARIMA
Store 28,2012-08-31,1227118.75,1291782.59,1103213.0,1485368.55,1319154.19,6.61,112441.66,4.75,76551.61,SARIMA
Store 28,2012-09-07,1469693.99,1296205.21,1113291.06,1481008.42,1296801.49,6.61,112441.66,4.75,76551.61,SARIMA
Store 28,2012-09-14,1124660.77,1248845.77,1054942.03,1441679.97,1145600.28,6.61,112441.66,4.75,76551.61,SARIMA
Store 28,2012-09-21,1135340.19,1179787.97,989299.42,1380320.72,1108414.57,6.61,112441.66,4.75,76551.61,SARIMA
Store 28,2012-09-28,1129508.61,1150476.76,971887.88,1337009.3,1056552.62,6.61,112441.66,4.75,76551.61,SARIMA
Store 28,2012-10-05,1462941.03,1185188.01,997267.72,1371667.42,1569728.74,6.61,112441.66,4.75,76551.61,SARIMA
Store 28,2012-10-12,1205536.71,1240830.25,1037548.75,1425139.46,1225433.2,6.61,112441.66,4.75,76551.61,SARIMA
Store 28,2012-10-19,1143724.48,1257578.2,1073945.29,1451789.65,1225825.7,6.61,112441.66,4.75,76551.61,SARIMA
Store 28,2012-10-26,1213860.61,1233324.84,1060134.58,1412303.7,1199089.88,6.61,112441.66,4.75,76551.61,SARIMA
Store 29,2012-08-10,518628.42,482520.2,398743.65,571827.33,479595.66,7.26,46007.85,5.13,34512.81,SARIMA
Store 29,2012-08-17,416881.66,492058.11,410263.65,577548.39,507361.3,7.26,46007.85,5.13,34512.81,SARIMA
Store 29,2012-08-24,615026.15,518358.09,442310.19,606338.47,609024.08,7.26,46007.85,5.13,34512.81,SARIMA
Store 29,2012-08-31,545844.91,542980.13,457674.03,625570.65,510605.42,7.26,46007.85,5.13,34512.81,SARIMA
Store 29,2012-09-07,540811.85,538941.27,457299.23,625247.82,510580.31,7.26,46007.85,5.13,34512.81,SARIMA
Store 29,2012-09-14,475127.18,500699.18,411029.3,581760.49,479704.89,7.26,46007.85,5.13,34512.81,SARIMA
Store 29,2012-09-21,489079.23,456640.0,373960.83,542038.7,481269.34,7.26,46007.85,5.13,34512.81,SARIMA
Store 29,2012-09-28,489674.23,443383.01,363231.84,528175.7,455494.2,7.26,46007.85,5.13,34512.81,SARIMA
Store 29,2012-10-05,520632.8,467228.98,385815.44,553185.91,522664.23,7.26,46007.85,5.13,34512.81,SARIMA
Store 29,2012-10-12,513737.0,497912.95,419933.38,584114.72,482869.66,7.26,46007.85,5.13,34512.81,SARIMA
Store 29,2012-10-19,516909.24,504240.43,423628.22,585243.19,511475.21,7.26,46007.85,5.13,34512.81,SARIMA
Store 29,2012-10-26,534970.68,490507.62,412701.27,570033.85,522520.0,7.26,46007.85,5.13,34512.81,SARIMA
Store 30,2012-08-10,430878.28,431133.28,407610.34,452964.06,417925.7,2.22,12805.9,7.26,37544.97,Prophet
Store 30,2012-08-17,423351.15,429044.38,406049.17,450190.74,416318.25,2.22,12805.9,7.26,37544.97,Prophet
Store 30,2012-08-24,425296.65,424342.69,403251.32,446932.17,391196.19,2.22,12805.9,7.26,37544.97,Prophet
Store 30,2012-08-31,439132.5,420116.83,398488.61,442945.7,372849.63,2.22,12805.9,7.26,37544.97,Prophet
Store 30,2012-09-07,433565.77,417982.44,393695.13,439562.57,374114.14,2.22,12805.9,7.26,37544.97,Prophet
Store 30,2012-09-14,437773.31,417829.51,395623.15,440322.16,386081.97,2.22,12805.9,7.26,37544.97,Prophet
Store 30,2012-09-21,443891.64,419567.95,398333.76,443189.15,394848.11,2.22,12805.9,7.26,37544.97,Prophet
Store 30,2012-09-28,425410.04,423721.38,401969.62,444755.63,389989.2,2.22,12805.9,7.26,37544.97,Prophet
Store 30,2012-10-05,446751.45,430083.66,406873.37,454333.83,420483.34,2.22,12805.9,7.26,37544.97,Prophet
Store 30,2012-10-12,434593.26,436863.57,414456.96,457589.97,413616.36,2.22,12805.9,7.26,37544.97,Prophet
Store 30,2012-10-19,437537.29,442056.13,419350.34,464872.81,431793.83,2.22,12805.9,7.26,37544.97,Prophet
Store 30,2012-10-26,439424.5,445292.22,424992.22,468013.6,428813.98,2.22,12805.9,7.26,37544.97,Prophet
Store 31,2012-08-10,1386472.59,1396568.63,1278581.73,1508964.52,1429343.0,2.38,42017.43,1.83,31151.17,SARIMA
Store 31,2012-08-17,1410181.7,1417367.41,1311241.34,1533252.16,1463599.61,2.38,42017.43,1.83,31151.17,SARIMA
Store 31,2012-08-24,1379783.21,1441426.09,1330949.55,1559271.57,1400385.86,2.38,42017.43,1.83,31151.17,SARIMA
Store 31,2012-08-31,1373651.49,1451237.77,1332721.63,1556203.31,1368800.68,2.38,42017.43,1.83,31151.17,SARIMA
Store 31,2012-09-07,1358111.62,1427306.84,1311886.18,1545097.52,1362644.34,2.38,42017.43,1.83,31151.17,SARIMA
Store 31,2012-09-14,1327705.44,1374189.58,1252772.12,1493288.07,1349156.63,2.38,42017.43,1.83,31151.17,SARIMA
Store 31,2012-09-21,1373064.87,1327533.68,1210390.44,1436754.11,1325464.84,2.38,42017.43,1.83,31151.17,SARIMA
Store 31,2012-09-28,1279080.58,1323290.99,1211498.14,1450024.68,1270963.87,2.38,42017.43,1.83,31151.17,SARIMA
Store 31,2012-10-05,1363365.05,1357811.77,1243860.54,1475118.99,1403536.86,2.38,42017.43,1.83,31151.17,SARIMA
Store 31,2012-10-12,1401113.42,1387844.81,1272030.25,1500619.61,1356961.15,2.38,42017.43,1.83,31151.17,SARIMA
Store 31,2012-10-19,1378730.45,1378219.48,1262626.99,1498978.85,1382223.0,2.38,42017.43,1.83,31151.17,SARIMA
Store 31,2012-10-26,1340232.55,1345615.23,1220813.7,1462495.16,1329385.22,2.38,42017.43,1.83,31151.17,SARIMA
Store 32,2012-08-10,1227469.2,1209563.42,1097032.54,1337950.16,1219470.96,3.16,41897.03,2.25,33309.44,SARIMA
Store 32,2012-08-17,1261306.37,1221713.33,1097014.79,1338562.78,1236462.92,3.16,41897.03,2.25,33309.44,SARIMA
Store 32,2012-08-24,1272809.11,1234979.96,1126300.61,1363657.39,1199062.45,3.16,41897.03,2.25,33309.44,SARIMA
Store 32,2012-08-31,1183979.27,1233564.54,1115991.97,1346133.18,1167435.45,3.16,41897.03,2.25,33309.44,SARIMA
Store 32,2012-09-07,1126685.95,1199921.51,1086473.27,1327706.71,1143491.43,3.16,41897.03,2.25,33309.44,SARIMA
Store 32,2012-09-14,1156377.47,1144770.61,1027367.72,1264205.79,1157754.82,3.16,41897.03,2.25,33309.44,SARIMA
Store 32,2012-09-21,1159119.6,1108182.51,986865.26,1237919.07,1131471.43,3.16,41897.03,2.25,33309.44,SARIMA
Store 32,2012-09-28,1157111.15,1120362.49,1002093.45,1242683.19,1104307.02,3.16,41897.03,2.25,33309.44,SARIMA
Store 32,2012-10-05,1202775.24,1165326.95,1042966.88,1280712.63,1164755.57,3.16,41897.03,2.25,33309.44,SARIMA
Store 32,2012-10-12,1176681.31,1195206.12,1072301.15,1312418.52,1190705.1,3.16,41897.03,2.25,33309.44,SARIMA
Store 32,2012-10-19,1199292.06,1183974.68,1069884.22,1307264.2,1166588.7,3.16,41897.03,2.25,33309.44,SARIMA
Store 32,2012-10-26,1219979.29,1157826.42,1040161.61,1273194.4,1200689.4,3.16,41897.03,2.25,33309.44,SARIMA
Store 33,2012-08-10,297753.49,252901.63,229305.51,275673.14,293398.77,5.87,20803.51,2.84,9594.19,SARIMA
Store 33,2012-08-17,270097.76,249411.95,227046.18,271117.44,261827.92,5.87,20803.51,2.84,9594.19,SARIMA
Store 33,2012-08-24,247672.56,251232.95,226575.46,275061.22,256183.9,5.87,20803.51,2.84,9594.19,SARIMA
Store 33,2012-08-31,237129.81,256273.0,231736.06,278662.69,258083.08,5.87,20803.51,2.84,9594.19,SARIMA
Store 33,2012-09-07,286428.78,259563.41,238087.95,282177.9,300726.21,5.87,20803.51,2.84,9594.19,SARIMA
Store 33,2012-09-14,277417.53,258681.78,233799.06,280573.51,281402.2,5.87,20803.51,2.84,9594.19,SARIMA
Store 33,2012-09-21,252709.58,256177.09,232499.28,279339.56,253598.75,5.87,20803.51,2.84,9594.19,SARIMA
Store 33,2012-09-28,242813.51,255975.53,231632.12,278533.42,248550.93,5.87,20803.51,2.84,9594.19,SARIMA
Store 33,2012-10-05,265444.9,258247.17,236550.49,283468.66,280730.73,5.87,20803.51,2.84,9594.19,SARIMA
Store 33,2012-10-12,291781.15,259247.16,235116.62,282973.39,291383.75,5.87,20803.51,2.84,9594.19,SARIMA
Store 33,2012-10-19,254412.34,256405.64,232889.47,277864.88,252140.4,5.87,20803.51,2.84,9594.19,SARIMA
Store 33,2012-10-26,253731.13,252175.34,229348.16,274861.91,250158.26,5.87,20803.51,2.84,9594.19,SARIMA
Store 34,2012-08-10,1004523.59,970074.97,888083.45,1065911.18,999488.0,2.06,25842.03,1.76,21553.04,SARIMA
Store 34,2012-08-17,1013820.86,970461.49,878349.01,1065202.32,1003696.59,2.06,25842.03,1.76,21553.04,SARIMA
Store 34,2012-08-24,926250.21,969236.32,875706.94,1065771.19,913261.75,2.06,25842.03,1.76,21553.04,SARIMA
Store 34,2012-08-31,933487.71,971827.19,878163.57,1061401.92,970380.99,2.06,25842.03,1.76,21553.04,SARIMA
Store 34,2012-09-07,976415.56,969098.75,882208.22,1060023.08,972989.28,2.06,25842.03,1.76,21553.04,SARIMA
Store 34,2012-09-14,955211.7,951558.86,854561.65,1038010.84,968005.6,2.06,25842.03,1.76,21553.04,SARIMA
Store 34,2012-09-21,943047.78,927919.94,834296.35,1012356.65,943895.78,2.06,25842.03,1.76,21553.04,SARIMA
Store 34,2012-09-28,928629.31,919471.38,828560.12,1009502.85,914087.67,2.06,25842.03,1.76,21553.04,SARIMA
Store 34,2012-10-05,968896.68,934235.78,847738.05,1028120.04,995565.37,2.06,25842.03,1.76,21553.04,SARIMA
Store 34,2012-10-12,948613.39,955165.88,858331.26,1047298.88,953306.46,2.06,25842.03,1.76,21553.04,SARIMA
Store 34,2012-10-19,963516.28,961264.33,863146.82,1058423.2,995386.24,2.06,25842.03,1.76,21553.04,SARIMA
Store 34,2012-10-26,956987.81,956457.68,858853.51,1045602.94,999180.1,2.06,25842.03,1.76,21553.04,SARIMA
Store 35,2012-08-10,888368.8,838874.25,665356.88,1008056.22,822253.2,15.39,144558.09,14.15,127204.86,SARIMA
Store 35,2012-08-17,887979.47,807973.68,646489.43,977191.14,804675.4,15.39,144558.09,14.15,127204.86,SARIMA
Store 35,2012-08-24,895274.72,789163.55,608325.39,940788.16,788391.07,15.39,144558.09,14.15,127204.86,SARIMA
Store 35,2012-08-31,931278.97,797869.87,627292.87,956195.71,770841.13,15.39,144558.09,14.15,127204.86,SARIMA
Store 35,2012-09-07,984833.35,799887.73,630725.73,950267.28,813353.17,15.39,144558.09,14.15,127204.86,SARIMA
Store 35,2012-09-14,821568.64,752093.67,583744.72,920904.62,702297.7,15.39,144558.09,14.15,127204.86,SARIMA
Store 35,2012-09-21,772302.94,667575.48,510733.6,836934.6,664214.76,15.39,144558.09,14.15,127204.86,SARIMA
Store 35,2012-09-28,814099.86,614988.88,445906.09,785121.68,684186.37,15.39,144558.09,14.15,127204.86,SARIMA
Store 35,2012-10-05,866064.4,640642.01,483803.3,816950.23,736305.02,15.39,144558.09,14.15,127204.86,SARIMA
Store 35,2012-10-12,873643.14,706500.7,549945.13,864394.16,702152.0,15.39,144558.09,14.15,127204.86,SARIMA
Store 35,2012-10-19,829284.67,728771.6,559762.81,903496.86,726162.87,15.39,144558.09,14.15,127204.86,SARIMA
Store 35,2012-10-26,865137.6,679781.48,514976.52,848365.19,736198.62,15.39,144558.09,14.15,127204.86,SARIMA
Store 36,2012-08-10,298947.51,301415.32,279907.63,324679.43,300819.47,4.23,15283.93,3.16,11617.9,SARIMA
Store 36,2012-08-17,314607.22,295664.78,271145.4,319463.62,297197.9,4.23,15283.93,3.16,11617.9,SARIMA
Store 36,2012-08-24,282545.55,291657.15,269596.15,314324.82,283061.39,4.23,15283.93,3.16,11617.9,SARIMA
Store 36,2012-08-31,282647.48,288781.55,267031.22,312504.04,286326.28,4.23,15283.93,3.16,11617.9,SARIMA
Store 36,2012-09-07,293728.57,283158.97,260702.8,307262.26,287661.15,4.23,15283.93,3.16,11617.9,SARIMA
Store 36,2012-09-14,301893.63,274439.33,251416.14,296086.84,284127.33,4.23,15283.93,3.16,11617.9,SARIMA
Store 36,2012-09-21,293804.45,268164.93,245229.63,289441.3,273249.64,4.23,15283.93,3.16,11617.9,SARIMA
Store 36,2012-09-28,270677.98,269561.66,245584.18,291037.13,270018.27,4.23,15283.93,3.16,11617.9,SARIMA
Store 36,2012-10-05,277137.86,276151.02,253392.34,300645.27,285000.14,4.23,15283.93,3.16,11617.9,SARIMA
Store 36,2012-10-12,300236.85,279087.69,256923.41,302235.55,283584.63,4.23,15283.93,3.16,11617.9,SARIMA
Store 36,2012-10-19,287360.05,272693.95,248911.16,293904.23,276229.52,4.23,15283.93,3.16,11617.9,SARIMA
Store 36,2012-10-26,272489.41,261079.48,237744.42,284610.93,264683.82,4.23,15283.93,3.16,11617.9,SARIMA
Store 37,2012-08-10,500964.59,510411.67,488737.48,532645.69,508855.17,1.6,11066.3,1.64,10964.21,Prophet
Store 37,2012-08-17,509633.71,513006.74,490412.87,535814.23,513262.93,1.6,11066.3,1.64,10964.21,Prophet
Store 37,2012-08-24,522665.04,519904.66,497243.42,543234.74,534289.84,1.6,11066.3,1.64,10964.21,Prophet
Store 37,2012-08-31,538344.1,525626.07,504282.78,548238.88,536759.07,1.6,11066.3,1.64,10964.21,Prophet
Store 37,2012-09-07,526838.14,525230.18,501800.94,547057.88,512306.02,1.6,11066.3,1.64,10964.21,Prophet
Store 37,2012-09-14,514651.74,520846.12,499153.17,543896.82,519580.92,1.6,11066.3,1.64,10964.21,Prophet
Store 37,2012-09-21,521320.98,519262.66,495098.56,539327.94,522919.58,1.6,11066.3,1.64,10964.21,Prophet
Store 37,2012-09-28,527953.14,523320.76,502061.1,546302.08,522299.34,1.6,11066.3,1.64,10964.21,Prophet
Store 37,2012-10-05,546122.37,528362.21,505674.06,550950.48,528861.12,1.6,11066.3,1.64,10964.21,Prophet
Store 37,2012-10-12,521810.75,528680.97,506228.9,550558.42,519853.04,1.6,11066.3,1.64,10964.21,Prophet
Store 37,2012-10-19,551969.1,525597.87,501733.82,550023.15,528970.62,1.6,11066.3,1.64,10964.21,Prophet
Store 37,2012-10-26,534738.43,526087.06,504120.08,550039.98,523390.69,1.6,11066.3,1.64,10964.21,Prophet
Store 38,2012-08-10,436690.13,445629.92,418469.53,476534.6,444295.77,7.13,34047.63,6.85,35349.73,SARIMA
Store 38,2012-08-17,411866.46,445849.8,415273.11,476092.13,417729.24,7.13,34047.63,6.85,35349.73,SARIMA
Store 38,2012-08-24,397428.22,444669.38,415309.95,474314.76,431846.82,7.13,34047.63,6.85,35349.73,SARIMA
Store 38,2012-08-31,424904.95,444181.59,412913.91,472024.23,443634.71,7.13,34047.63,6.85,35349.73,SARIMA
Store 38,2012-09-07,490274.82,445845.77,416091.36,474888.95,466283.04,7.13,34047.63,6.85,35349.73,SARIMA
Store 38,2012-09-14,430944.39,449367.89,418277.35,480288.84,482808.07,7.13,34047.63,6.85,35349.73,SARIMA
Store 38,2012-09-21,409600.98,452928.59,419536.05,482621.43,465126.44,7.13,34047.63,6.85,35349.73,SARIMA
Store 38,2012-09-28,398468.08,454725.22,424363.83,484136.63,371742.92,7.13,34047.63,6.85,35349.73,SARIMA
Store 38,2012-10-05,458479.01,454614.82,421941.81,485300.82,528494.31,7.13,34047.63,6.85,35349.73,SARIMA
Store 38,2012-10-12,437320.66,454281.97,425205.59,482097.19,458840.58,7.13,34047.63,6.85,35349.73,SARIMA
Store 38,2012-10-19,428806.46,455565.63,424594.6,485929.94,458677.52,7.13,34047.63,6.85,35349.73,SARIMA
Store 38,2012-10-26,417290.38,458504.54,428716.23,488233.26,410413.38,7.13,34047.63,6.85,35349.73,SARIMA
Store 39,2012-08-10,1641867.92,1607317.01,1439512.1,1768625.51,1650547.16,3.57,61972.46,2.66,50791.71,SARIMA
Store 39,2012-08-17,1720221.91,1648504.71,1468434.9,1825028.6,1767903.46,3.57,61972.46,2.66,50791.71,SARIMA
Store 39,2012-08-24,1724669.75,1686122.47,1536461.12,1849776.5,1712900.17,3.57,61972.46,2.66,50791.71,SARIMA
Store 39,2012-08-31,1710923.94,1689994.53,1519407.68,1866077.2,1604716.2,3.57,61972.46,2.66,50791.71,SARIMA
Store 39,2012-09-07,1609811.75,1634071.61,1462188.44,1806293.42,1568487.37,3.57,61972.46,2.66,50791.71,SARIMA
Store 39,2012-09-14,1447614.08,1533484.29,1372731.39,1706311.44,1512146.6,3.57,61972.46,2.66,50791.71,SARIMA
Store 39,2012-09-21,1555672.51,1448488.43,1284517.14,1618794.42,1477985.42,3.57,61972.46,2.66,50791.71,SARIMA
Store 39,2012-09-28,1495607.07,1435023.56,1266412.67,1594702.48,1451882.3,3.57,61972.46,2.66,50791.71,SARIMA
Store 39,2012-10-05,1574408.67,1487544.69,1330416.25,1652662.54,1582898.47,3.57,61972.46,2.66,50791.71,SARIMA
Store 39,2012-10-12,1494417.07,1541746.27,1381969.22,1697899.01,1523930.97,3.57,61972.46,2.66,50791.71,SARIMA
Store 39,2012-10-19,1577486.33,1543194.25,1387070.74,1703483.9,1603521.32,3.57,61972.46,2.66,50791.71,SARIMA
Store 39,2012-10-26,1569502.0,1508317.05,1345046.56,1661939.92,1611333.27,3.57,61972.46,2.66,50791.71,SARIMA
Store 40,2012-08-10,1007906.43,990918.14,879994.99,1096819.64,981765.25,3.97,53351.13,2.6,29870.21,SARIMA
Store 40,2012-08-17,969387.48,987495.32,878820.85,1084288.47,962167.84,3.97,53351.13,2.6,29870.21,SARIMA
Store 40,2012-08-24,945318.47,993793.05,890370.25,1094362.7,992197.89,3.97,53351.13,2.6,29870.21,SARIMA
Store 40,2012-08-31,987264.67,999755.17,900506.94,1106564.2,976210.45,3.97,53351.13,2.6,29870.21,SARIMA
Store 40,2012-09-07,1088248.4,986240.09,878068.87,1092599.34,1043875.36,3.97,53351.13,2.6,29870.21,SARIMA
Store 40,2012-09-14,901709.82,950842.47,844596.51,1050816.76,912222.44,3.97,53351.13,2.6,29870.21,SARIMA
Store 40,2012-09-21,899768.4,919132.04,813478.19,1022137.33,898004.51,3.97,53351.13,2.6,29870.21,SARIMA
Store 40,2012-09-28,919595.44,920038.12,818512.61,1024345.91,933791.46,3.97,53351.13,2.6,29870.21,SARIMA
Store 40,2012-10-05,1069112.0,950998.63,849727.97,1057124.41,1094857.75,3.97,53351.13,2.6,29870.21,SARIMA
Store 40,2012-10-12,982523.26,977625.88,870289.51,1086165.96,957559.02,3.97,53351.13,2.6,29870.21,SARIMA
Store 40,2012-10-19,918170.5,973066.02,871072.87,1083455.32,965029.99,3.97,53351.13,2.6,29870.21,SARIMA
Store 40,2012-10-26,921264.52,950431.1,842765.44,1058430.16,964685.76,3.97,53351.13,2.6,29870.21,SARIMA
Store 41,2012-08-10,1504545.94,1452288.23,1299290.13,1615522.99,1449149.27,2.9,52199.41,2.84,44506.54,SARIMA
Store 41,2012-08-17,1560590.05,1472075.36,1311944.04,1626860.88,1499015.5,2.9,52199.41,2.84,44506.54,SARIMA
Store 41,2012-08-24,1464462.85,1476727.88,1320758.16,1624369.29,1416924.49,2.9,52199.41,2.84,44506.54,SARIMA
Store 41,2012-08-31,1360517.52,1459845.17,1305004.68,1604557.53,1370558.42,2.9,52199.41,2.84,44506.54,SARIMA
Store 41,2012-09-07,1392143.82,1409539.11,1255691.75,1564747.04,1368379.33,2.9,52199.41,2.84,44506.54,SARIMA
Store 41,2012-09-14,1306644.25,1335277.36,1185049.78,1479158.34,1284113.9,2.9,52199.41,2.84,44506.54,SARIMA
Store 41,2012-09-21,1276609.36,1277963.26,1126223.76,1433290.62,1259807.15,2.9,52199.41,2.84,44506.54,SARIMA
Store 41,2012-09-28,1307928.01,1275691.81,1131030.52,1425101.14,1247210.24,2.9,52199.41,2.84,44506.54,SARIMA
Store 41,2012-10-05,1400160.95,1318993.23,1166605.74,1471370.65,1365413.27,2.9,52199.41,2.84,44506.54,SARIMA
Store 41,2012-10-12,1409544.97,1354895.83,1202023.04,1524602.78,1334623.93,2.9,52199.41,2.84,44506.54,SARIMA
Store 41,2012-10-19,1326197.24,1345024.38,1190956.48,1496045.71,1301642.46,2.9,52199.41,2.84,44506.54,SARIMA
Store 41,2012-10-26,1316542.59,1311792.04,1167064.8,1459037.08,1362195.91,2.9,52199.41,2.84,44506.54,SARIMA
Store 42,2012-08-10,576620.31,566470.18,505995.31,617621.72,623154.66,7.32,48240.6,6.27,40310.05,SARIMA
Store 42,2012-08-17,575997.78,571187.03,507567.5,631678.9,559895.58,7.32,48240.6,6.27,40310.05,SARIMA
Store 42,2012-08-24,535537.03,579196.26,520680.83,633197.14,546772.33,7.32,48240.6,6.27,40310.05,SARIMA
Store 42,2012-08-31,504760.57,582959.43,526252.22,644475.6,560445.38,7.32,48240.6,6.27,40310.05,SARIMA
Store 42,2012-09-07,617405.35,579828.97,519966.16,637877.22,626186.2,7.32,48240.6,6.27,40310.05,SARIMA
Store 42,2012-09-14,586737.66,575825.13,514799.08,637064.42,610585.21,7.32,48240.6,6.27,40310.05,SARIMA
Store 42,2012-09-21,527165.7,578911.26,522215.56,638749.29,565763.62,7.32,48240.6,6.27,40310.05,SARIMA
Store 42,2012-09-28,505978.46,589352.49,528816.74,644696.44,544895.85,7.32,48240.6,6.27,40310.05,SARIMA
Store 42,2012-10-05,593162.53,598827.11,540444.47,654640.51,677568.09,7.32,48240.6,6.27,40310.05,SARIMA
Store 42,2012-10-12,612379.9,599740.66,539107.88,657941.31,648892.9,7.32,48240.6,6.27,40310.05,SARIMA
Store 42,2012-10-19,541406.98,593862.48,537619.37,653608.55,558299.22,7.32,48240.6,6.27,40310.05,SARIMA
Store 42,2012-10-26,514756.08,590089.95,531345.75,654086.16,552887.83,7.32,48240.6,6.27,40310.05,SARIMA
Store 43,2012-08-10,643558.78,614332.03,569190.65,664739.28,618750.71,4.52,32030.44,1.74,12646.89,SARIMA
Store 43,2012-08-17,640210.85,628366.61,586032.02,671408.08,646969.19,4.52,32030.44,1.74,12646.89,SARIMA
Store 43,2012-08-24,598234.64,642585.56,596384.92,685024.5,587601.86,4.52,32030.44,1.74,12646.89,SARIMA
Store 43,2012-08-31,593141.29,650151.61,603940.38,697489.46,610114.63,4.52,32030.44,1.74,12646.89,SARIMA
Store 43,2012-09-07,663814.18,648591.1,602524.86,694838.1,643770.15,4.52,32030.44,1.74,12646.89,SARIMA
Store 43,2012-09-14,625196.94,641167.83,595245.19,681307.14,630317.81,4.52,32030.44,1.74,12646.89,SARIMA
Store 43,2012-09-21,601990.02,634147.97,590482.23,679787.1,597195.61,4.52,32030.44,1.74,12646.89,SARIMA
Store 43,2012-09-28,577792.32,631920.2,587107.57,676811.4,584543.73,4.52,32030.44,1.74,12646.89,SARIMA
Store 43,2012-10-05,642614.89,633822.02,588036.98,677383.52,638568.95,4.52,32030.44,1.74,12646.89,SARIMA
Store 43,2012-10-12,619369.72,635220.78,589513.67,676242.58,611410.81,4.52,32030.44,1.74,12646.89,SARIMA
Store 43,2012-10-19,623919.23,631772.24,585483.42,673360.62,608475.52,4.52,32030.44,1.74,12646.89,SARIMA
Store 43,2012-10-26,587603.55,623081.81,577467.84,670013.19,581101.02,4.52,32030.44,1.74,12646.89,SARIMA
Store 44,2012-08-10,333594.81,330612.49,314544.23,347963.67,325353.75,2.43,11784.04,3.13,12530.18,Prophet
Store 44,2012-08-17,327389.51,335046.25,317775.07,352089.3,326208.5,2.43,11784.04,3.13,12530.18,Prophet
Store 44,2012-08-24,337985.74,341768.59,324324.05,358710.05,355777.38,2.43,11784.04,3.13,12530.18,Prophet
Store 44,2012-08-31,339490.69,345550.17,328978.68,362948.11,343275.39,2.43,11784.04,3.13,12530.18,Prophet
Store 44,2012-09-07,338737.33,343326.15,325372.74,360583.01,330097.27,2.43,11784.04,3.13,12530.18,Prophet
Store 44,2012-09-14,347726.67,337954.77,320648.51,354433.22,336739.88,2.43,11784.04,3.13,12530.18,Prophet
Store 44,2012-09-21,336017.6,335474.56,319375.75,352545.62,339838.38,2.43,11784.04,3.13,12530.18,Prophet
Store 44,2012-09-28,355307.94,338213.44,322122.48,354642.9,334885.8,2.43,11784.04,3.13,12530.18,Prophet
Store 44,2012-10-05,337390.44,341797.97,323703.59,358939.1,343983.92,2.43,11784.04,3.13,12530.18,Prophet
Store 44,2012-10-12,337796.13,340263.74,322248.46,357933.21,325859.36,2.43,11784.04,3.13,12530.18,Prophet
Store 44,2012-10-19,323766.77,333729.77,316562.52,349490.25,337129.64,2.43,11784.04,3.13,12530.18,Prophet
Store 44,2012-10-26,361067.07,329224.11,311239.34,346719.1,338878.37,2.43,11784.04,3.13,12530.18,Prophet
Store 45,2012-08-10,733037.32,725018.55,614648.11,832581.74,719241.21,2.87,24404.53,2.61,23153.13,SARIMA
Store 45,2012-08-17,722496.93,722944.61,610453.51,825929.59,706169.52,2.87,24404.53,2.61,23153.13,SARIMA
Store 45,2012-08-24,718232.26,744550.65,639146.85,862545.9,725869.27,2.87,24404.53,2.61,23153.13,SARIMA
Store 45,2012-08-31,734297.87,774283.22,678538.06,881460.87,754496.14,2.87,24404.53,2.61,23153.13,SARIMA
Store 45,2012-09-07,766512.66,778760.87,672033.99,888358.43,717680.94,2.87,24404.53,2.61,23153.13,SARIMA
Store 45,2012-09-14,702238.27,746192.22,637316.16,852675.36,712025.37,2.87,24404.53,2.61,23153.13,SARIMA
Store 45,2012-09-21,723086.2,705484.93,588403.06,808132.19,690415.39,2.87,24404.53,2.61,23153.13,SARIMA
Store 45,2012-09-28,713173.95,696372.57,576701.91,804830.8,695743.24,2.87,24404.53,2.61,23153.13,SARIMA
Store 45,2012-10-05,733455.07,723626.47,616053.12,831906.46,731964.49,2.87,24404.53,2.61,23153.13,SARIMA
Store 45,2012-10-12,734464.36,752414.6,648505.41,855100.29,711923.93,2.87,24404.53,2.61,23153.13,SARIMA
Store 45,2012-10-19,718125.53,752745.64,653837.77,860019.59,725153.95,2.87,24404.53,2.61,23153.13,SARIMA
Store 45,2012-10-26,760281.43,737930.57,631072.77,841278.75,727139.74,2.87,24404.53,2.61,23153.13,SARIMA
